视频标题,发布账号,粉丝量,发布日期,点赞数,评论数,分享数,收藏数,关键词,链接
鳜鱼：广东新鱼上市多跌1元/斤，外省多地存塘见底，最高涨2元 #鳜鱼价格 #鳜鱼行情 #鳜鱼养殖 #水产养殖 #鱼价行情,老陈讲水产,"3,172",2026-08-17,27,4,11,6,鳜鱼价格,https://www.iesdouyin.com/share/video/7674767776929934491/?region=US&mid=7674767661246548774&u_code=0&did=MS4wLjABAAAA7smZTnY9izTqHAclC5BkqZfOuACOAbj-CpuKY6kELoyIZYoHGg9TklXMw0LT8bWT&iid=MS4wLjABAAAA_GdGSpT3FkHOlCWfH1M2p7gp9ao25Kye8BpfYyb7NbFdlh0j_2-bp6HxLNHCPj0x&with_sec_did=1&video_share_track_ver=&titleType=title&share_sign=de2wKFiWhqlED4hsZqJiPuRdwWtRJsSwOlhUbO7vUOI-&share_version=320900&ts=1788168417&from_aid=615883&from_ssr=1&share_track_info=%7B%22link_description_type%22%3A%22%22%7D
#鳜鱼行情#鳜鱼养殖#鲈鱼鳜鱼黄颡鱼特种鱼养殖#鲈鱼养殖,渔满塘,"6,079",2026-07-31,277,7,10,40,鳜鱼价格,https://www.iesdouyin.com/share/video/7668638759604724389/?region=US&mid=7668638678805564200&u_code=0&did=MS4wLjABAAAA7smZTnY9izTqHAclC5BkqZfOuACOAbj-CpuKY6kELoyIZYoHGg9TklXMw0LT8bWT&iid=MS4wLjABAAAA_GdGSpT3FkHOlCWfH1M2p7gp9ao25Kye8BpfYyb7NbFdlh0j_2-bp6HxLNHCPj0x&with_sec_did=1&video_share_track_ver=&titleType=title&share_sign=PzSFjWNuXqLwdjOibaNcGKegNFZtJcenfb5MPQVV3EU-&share_version=320900&ts=1788168417&from_aid=615883&from_ssr=1&share_track_info=%7B%22link_description_type%22%3A%22%22%7D
给大家报一下今日海鲜价格#海鲜当然是现捞的最新鲜 #创作者中心 #创作灵感 #南宁,小利在南宁卖海鲜,"7,185",2026-07-27,1017,221,555,229,鲈鱼价格,https://www.iesdouyin.com/share/video/7667044080496716261/?region=US&mid=7667044024557439744&u_code=0&did=MS4wLjABAAAAGBgo4KlQohT061TKKywIWc0uxyNFH7Y4F4T7hCHZxybQaGEAKad6EHj-kf6hhyxQ&iid=MS4wLjABAAAAMU6SFYKOwKhfzDU-fqeXGJS8W3wmg01YBBj5ABGK8WeppkVl5WCWrPi72TX9YgPQ&with_sec_did=1&video_share_track_ver=&titleType=title&share_sign=l2s6eMFYg2thdsSOT6cgqBCy2jjMY5.Kgpap2n_Jd_E-&share_version=320900&ts=1788168421&from_aid=615883&from_ssr=1&share_track_info=%7B%22link_description_type%22%3A%22%22%7D
你敢相信吗？同一条鱼，在东北下馆子叫鳌花鱼，两三百一条，结果到了南方菜市场，改名叫鳜鱼，四五十块钱一斤，摊主还得扯着嗓子叫你买，生怕卖不出去?#科普 #生物科普 #鳜鱼,梦甜小荔枝,"17,613",2026-07-25,749,736,73,186,鳜鱼价格,https://www.iesdouyin.com/share/video/7666375676413811578/?region=US&mid=7666375677180332843&u_code=0&did=MS4wLjABAAAA7smZTnY9izTqHAclC5BkqZfOuACOAbj-CpuKY6kELoyIZYoHGg9TklXMw0LT8bWT&iid=MS4wLjABAAAA_GdGSpT3FkHOlCWfH1M2p7gp9ao25Kye8BpfYyb7NbFdlh0j_2-bp6HxLNHCPj0x&with_sec_did=1&video_share_track_ver=&titleType=title&share_sign=F0GYdxjlFVT_N4FTIYj2YdDe_LkAMSrfxc129cJlRAI-&share_version=320900&ts=1788168417&from_aid=615883&from_ssr=1&share_track_info=%7B%22link_description_type%22%3A%22%22%7D
鳜鱼价格最高涨2元/斤！多地存塘告急，广东小鱼爽市 #鳜鱼价格 #鳜鱼行情 #鳜鱼养殖 #水产养殖 #鱼价行情,老陈讲水产,"3,172",2026-07-17,29,3,11,10,鳜鱼价格,https://www.iesdouyin.com/share/video/7663264749450489262/?region=US&mid=7663264717259262729&u_code=0&did=MS4wLjABAAAA7smZTnY9izTqHAclC5BkqZfOuACOAbj-CpuKY6kELoyIZYoHGg9TklXMw0LT8bWT&iid=MS4wLjABAAAA_GdGSpT3FkHOlCWfH1M2p7gp9ao25Kye8BpfYyb7NbFdlh0j_2-bp6HxLNHCPj0x&with_sec_did=1&video_share_track_ver=&titleType=title&share_sign=jA7mXrfMqNI990pGRQNee68gw37pPRJK_lsb6VQJV1Y-&share_version=320900&ts=1788168417&from_aid=615883&from_ssr=1&share_track_info=%7B%22link_description_type%22%3A%22%22%7D
科普分享62种淡水鱼类以及价格，你都吃过哪几种#鱼价行情 #淡水鱼 #科普,奇妙大百科,"146,132",2026-06-21,38518,2457,15110,30343,鲈鱼价格,https://www.iesdouyin.com/share/video/7653809227445706153/?region=US&mid=7653809210513476361&u_code=0&did=MS4wLjABAAAAGBgo4KlQohT061TKKywIWc0uxyNFH7Y4F4T7hCHZxybQaGEAKad6EHj-kf6hhyxQ&iid=MS4wLjABAAAAMU6SFYKOwKhfzDU-fqeXGJS8W3wmg01YBBj5ABGK8WeppkVl5WCWrPi72TX9YgPQ&with_sec_did=1&video_share_track_ver=&titleType=title&share_sign=Jq7iO5b.6QyWoMX3F23HIGIx8WL0cu9qiK0LYzQqc5s-&share_version=320900&ts=1788168421&from_aid=615883&from_ssr=1&share_track_info=%7B%22link_description_type%22%3A%22%22%7D
科普分享26种溪流鱼以及价格，你都吃过哪几种#鱼#鱼价#科普,奇妙大百科,"146,132",2026-06-15,17925,738,12283,15261,鳜鱼价格,https://www.iesdouyin.com/share/video/7651636236453470436/?region=US&mid=7651636244220611374&u_code=0&did=MS4wLjABAAAA7smZTnY9izTqHAclC5BkqZfOuACOAbj-CpuKY6kELoyIZYoHGg9TklXMw0LT8bWT&iid=MS4wLjABAAAA_GdGSpT3FkHOlCWfH1M2p7gp9ao25Kye8BpfYyb7NbFdlh0j_2-bp6HxLNHCPj0x&with_sec_did=1&video_share_track_ver=&titleType=title&share_sign=YoxB1dXOwKUkHWeI7ij3eK3Ck3PnuxJd.3dUB.rekZI-&share_version=320900&ts=1788168417&from_aid=615883&from_ssr=1&share_track_info=%7B%22link_description_type%22%3A%22%22%7D
"你们的鲈鱼现在卖多少钱？
一天涨五毛，一天涨五毛，搞得我们真的不知道卖多少钱合适，总不能天天涨吧！你就不能一次长完吗？这样价格好定，要不然顾客今天来买18块，后天来买，可能就是20块
夏天的鲈鱼，我是真的不乐意卖，简直比老公还难，伺候，制冷机也开了，昨天晚上剩四条鲈鱼，今天，睡了两条，好无语啊，又40多块不见了#杀鱼技巧 #鲈鱼#涨价 #菜市场卖海鲜的日常生活",小谢卖鱼虾,"8,560",2026-06-09,310,286,98,61,鲈鱼价格,https://www.iesdouyin.com/share/video/7649222359169575770/?region=US&mid=7549622880502892590&u_code=0&did=MS4wLjABAAAAGBgo4KlQohT061TKKywIWc0uxyNFH7Y4F4T7hCHZxybQaGEAKad6EHj-kf6hhyxQ&iid=MS4wLjABAAAAMU6SFYKOwKhfzDU-fqeXGJS8W3wmg01YBBj5ABGK8WeppkVl5WCWrPi72TX9YgPQ&with_sec_did=1&video_share_track_ver=&titleType=title&share_sign=Xl1kuZ.HmYgmMV_nFVJ8aeuSwbWPx9o1ywdTfGOvQsE-&share_version=320900&ts=1788168421&from_aid=615883&from_ssr=1&share_track_info=%7B%22link_description_type%22%3A%22%22%7D
